day,date,daily_temp,liquid_temp,deposit_rate,scale,cycle,pump_current,cleaned,current_diff
0,2024-01-01,4.3136263493546965,4.3136263493546965,0.5368148332412348,0.5368148332412348,0,19.88688870740212,False,
1,2024-01-02,1.5561787506061053,7.118862647700132,0.47929210853829224,1.016106941779527,0,21.60217902894609,False,1.7152903215439679
2,2024-01-03,5.072371482848146,9.749391864783208,0.4270197291438139,1.4431266709233408,0,22.869781528372094,False,1.2676024994260047
3,2024-01-04,5.391307172521957,12.024634202333447,0.3805232277388723,1.8236498986622132,0,24.71825075069147,False,1.8484692223193768
4,2024-01-05,-0.4497793067574558,13.599343503708546,0.35357500852962553,2.177224907191839,0,25.808972263527487,False,1.0907215128360157
5,2024-01-06,0.7934672230120334,15.0290173246581,0.32857088232159554,0.0,1,18.206432684776818,True,-7.602539578750669
6,2024-01-07,3.6024801837391642,16.435031432947316,0.2914276007508422,0.2914276007508422,1,18.88211772697143,False,0.6756850421946119
7,2024-01-08,2.6667404282264986,17.58003168434083,0.27019728551596367,0.5616248862668058,1,20.033954933515652,False,1.1518372065442222
8,2024-01-09,3.2215167253884385,18.597124661781397,0.2498058649194655,0.8114307511862713,1,20.917085241602646,False,0.8831303080869937
9,2024-01-10,1.508404874436833,19.358790023454993,0.2355428291040122,1.0469735802902835,1,21.716055314925384,False,0.7989700733227387
10,2024-01-11,4.9361546686529305,20.23200139166054,0.21582375296325093,1.2627973332535345,1,22.585628046096968,False,0.8695727311715835
11,2024-01-12,5.130833660265658,20.99298335672611,0.2030916802752082,1.4658890135287428,1,23.367624518161207,False,0.7819964720642396
12,2024-01-13,3.6771937469078897,21.551805332352174,0.18979155391764377,1.6556805674463866,1,23.898008441323377,False,0.5303839231621694
13,2024-01-14,5.773019521815316,22.165527254132847,0.17872052880797593,1.8344010962543624,1,24.49642809058191,False,0.5984196492585347
14,2024-01-15,4.43049062293797,22.605269186445597,0.17062412439079458,2.005025220645157,1,24.900910906849553,False,0.4044828162676417
15,2024-01-16,1.3258369750182288,22.782605965347397,0.16497714141660488,2.170002362061762,1,25.25593000960068,False,0.35501910275112536
16,2024-01-17,3.7659379044859698,23.091472549871867,0.15886846845741748,0.0,2,17.991497287655072,True,-7.264432721945607
17,2024-01-18,1.0982330028802905,23.184720021503903,0.1594985285398186,0.1594985285398186,2,18.419947841967865,False,0.4284505543127928
18,2024-01-19,4.764011793738087,23.500303633743652,0.15147970708225222,0.31097823562207083,2,19.00698428850147,False,0.587036446533606
19,2024-01-20,2.9019261075180984,23.651098364406437,0.1489735168030267,0.45995175242509756,2,19.848908604351266,False,0.8419243158497949
20,2024-01-21,2.6302752729094787,23.7628877227497,0.1457164157808945,0.6056681682059921,2,20.48226342979929,False,0.6333548254480235
21,2024-01-22,1.6399188406827214,23.79504140211506,0.14448015569523828,0.7501483239012304,2,20.83433859442268,False,0.3520751646233897
22,2024-01-23,5.4521938684716025,24.06767652192894,0.14187536079774443,0.8920236846989749,2,21.163343135888518,False,0.3290045414658387
23,2024-01-24,2.706939240400684,24.124883112821994,0.14538539429600372,1.0374090789949786,2,21.82642182880832,False,0.6630786929198038
24,2024-01-25,2.1717806919947575,24.139514284047085,0.14230641869958432,1.179715497694563,2,22.13111591915096,False,0.3046940903426396
25,2024-01-26,2.3401547998082464,24.162879337742318,0.1425819699031519,1.3222974675977148,2,22.79596432837066,False,0.6648484092196973
26,2024-01-27,4.128568532168445,24.297875980847103,0.14328775993067813,1.465585227528393,2,22.779958732639983,False,-0.01600559573067528
27,2024-01-28,3.8179034592352745,24.393616063105497,0.1347515515667377,1.6003367790951306,2,23.50060376295269,False,0.7206450303127063
28,2024-01-29,3.939075797605302,24.483468641079337,0.13323917784555117,1.733575956940682,2,24.03312007207156,False,0.532516309118872
29,2024-01-30,4.005370018051394,24.56474690779988,0.12975541317775968,1.8633313701184415,2,24.327424208444384,False,0.2943041363728227
30,2024-01-31,7.460653920668196,24.856539387299996,0.12357118764999446,1.986902557768436,2,25.00168773939816,False,0.6742635309537768
31,2024-02-01,2.401662696814762,24.781426362480946,0.1286391578054512,2.115541715573887,2,25.43028354577228,False,0.4285958063741191
32,2024-02-02,2.230633582253941,24.706049040985707,0.1311005787775836,0.0,3,18.23889450196625,True,-7.19138904380603
33,2024-02-03,1.6716801564179073,24.605507188043187,0.12807722304626779,0.12807722304626779,3,18.66392577539829,False,0.4250312734320403
34,2024-02-04,4.578758222555585,24.706212046915592,0.1312009176881927,0.2592781407344605,3,18.99160594068655,False,0.3276801652882604
35,2024-02-05,5.655770822178453,24.86176702163912,0.12304398126918101,0.38232212200364146,3,19.39017014998463,False,0.3985642092980797
36,2024-02-06,3.2243961552404667,24.838797199956133,0.12648446396441418,0.5088065859680556,3,19.864467513402772,False,0.47429736341814177
37,2024-02-07,1.8298647858144728,24.72946033619333,0.12769920975315532,0.6365057957212109,3,20.219144808379475,False,0.3546772949767032
38,2024-02-08,1.9225066598527523,24.64169857344196,0.13299898964964782,0.7695047853708588,3,20.485984027047135,False,0.26683921866765914
39,2024-02-09,4.937332538736499,24.760284440440454,0.12825766167435249,0.8977624470452112,3,21.175336130137197,False,0.6893521030900622
40,2024-02-10,5.190700532252719,24.878217411736635,0.123778533585792,1.0215409806310032,3,21.472327743516928,False,0.29699161337973123
41,2024-02-11,4.861893144852611,24.958165197943355,0.12396185118687428,1.1455028318178775,3,21.821819768264454,False,0.3494920247475264
42,2024-02-12,2.519283648584519,24.876095547074737,0.12927198345139618,1.2747748152692737,3,22.656231411399755,False,0.8344116431353008
43,2024-02-13,4.392648060047588,24.926180701352834,0.12691592710267846,1.4016907423719522,3,22.768537527008615,False,0.11230611560885961
44,2024-02-14,10.660017605142574,25.372013161490166,0.11404186171146333,1.5157326040834156,3,22.923643253973978,False,0.1551057269653633
45,2024-02-15,10.948582991452554,25.77270590215638,0.10861887278172955,1.624351476865145,3,23.57186183929379,False,0.6482185853198104
46,2024-02-16,2.950484431063515,25.601993343845265,0.10976973654517448,1.7341212134103194,3,24.189718603015603,False,0.6178567637218144
47,2024-02-17,1.745815024068024,25.378225260557457,0.11287065645982874,1.8469918698701482,3,24.60298645179868,False,0.41326784878307876
48,2024-02-18,2.7506267524838783,25.251019085994642,0.12221405665172426,1.9692059265218724,3,24.925510217437495,False,0.32252376563881313
49,2024-02-19,1.6252842073168674,25.069641772751492,0.12223116757947108,2.0914370941013436,3,25.247054167805057,False,0.32154395036756256
50,2024-02-20,5.1431661252206355,25.140325056122606,0.11952431679700978,0.0,4,17.80437586652274,True,-7.442678301282317
51,2024-02-21,5.9310442610091485,25.25156003631282,0.11701521529546478,0.11701521529546478,4,18.44359235679649,False,0.6392164902737498
52,2024-02-22,1.860758107072955,25.08524305229425,0.12248496366750075,0.23950017896296555,4,19.034080717902704,False,0.5904883611062139
53,2024-02-23,4.245359119028002,25.095981416761155,0.1206083198397541,0.36010849880271967,4,19.284331797549523,False,0.25025107964681936
54,2024-02-24,4.056585429351571,25.093050277682163,0.11976137127736339,0.4798698700800831,4,19.843557548796507,False,0.5592257512469843
55,2024-02-25,3.835168234422666,25.07630391022617,0.11914171422744922,0.5990115843075323,4,20.169601172852612,False,0.3260436240561049
56,2024-02-26,4.68116237544802,25.116335218615518,0.11889875870504654,0.7179103430125788,4,20.340201469006328,False,0.1706002961537152
57,2024-02-27,8.342747080474936,25.386035356843834,0.11363779534706567,0.8315481383596445,4,20.714437187516943,False,0.3742357185106151
58,2024-02-28,3.7454784611877447,25.321668206942498,0.1187600975514897,0.9503082359111341,4,21.19838467747781,False,0.4839474899608689
59,2024-02-29,7.540795465058207,25.510481028704454,0.11107233909759541,1.0613805750087295,4,21.740628649219172,False,0.5422439717413603
60,2024-03-01,2.3683814427784204,25.339808260211,0.11902208113138989,1.1804026561401193,4,21.973080341758532,False,0.23245169253936027
61,2024-03-02,5.196978836099154,25.375355719644375,0.11667259034162741,1.2970752464817468,4,22.39212128980964,False,0.4190409480511086
62,2024-03-03,6.32758931575519,25.47850707285087,0.11166662629959859,1.4087418727813454,4,22.980419444604422,False,0.5882981547947814
63,2024-03-04,7.312528414681278,25.630240031958827,0.11176438420735994,1.5205062569887053,4,23.27547500607159,False,0.29505556146716927
64,2024-03-05,7.703162862362922,25.78540906854518,0.10573614215005324,1.6262423991387587,4,23.63103624112621,False,0.3555612350546191
65,2024-03-06,8.01061383788432,25.93817580547415,0.10167184907955738,1.727914248218316,4,23.98877867517706,False,0.3577424340508486
66,2024-03-07,5.872220165473241,25.931650558186835,0.10267290748067547,1.8305871556989914,4,24.415131016337934,False,0.42635234116087517
67,2024-03-08,5.7932157557552015,25.92097863417298,0.1092952926252726,1.939882448324264,4,24.76218729175353,False,0.34705627541559636
68,2024-03-09,8.584574293954041,26.09127574818817,0.10639322222067857,2.0462756705449427,4,25.253574083503704,False,0.4913867917501733
69,2024-03-10,6.639126574665332,26.112180206818348,0.09794473547239115,2.1442204060173338,4,25.333005976767474,False,0.07943189326377009
70,2024-03-11,4.625839402779604,26.000672710308702,0.10053812323532124,0.0,5,17.817702831493953,True,-7.515303145273521
71,2024-03-12,5.0684325073747125,25.933547270024405,0.10554483029760442,0.10554483029760442,5,18.55977763066259,False,0.7420747991686376
72,2024-03-13,5.656168552173822,25.913794209803523,0.1050175750032259,0.2105624053008303,5,18.591885591007863,False,0.032107960345271636
73,2024-03-14,8.651684672882837,26.08943190880263,0.09945445838264738,0.3100168636834777,5,18.81659808598456,False,0.22471249497669632
74,2024-03-15,8.106680499270135,26.204942525355335,0.0959154159529357,0.40593227963641343,5,19.130207173945514,False,0.31360908796095543
75,2024-03-16,9.369392624595115,26.385125976171402,0.09346392839062916,0.4993962080270426,5,19.87479553132923,False,0.7445883573837158
76,2024-03-17,7.302587195025487,26.406702870684267,0.09511023287833927,0.5945064409053818,5,20.166010996552668,False,0.2912154652234378
77,2024-03-18,8.644870142268893,26.51148696973237,0.09603934564681545,0.6905457865521973,5,20.378736295306943,False,0.21272529875427537
78,2024-03-19,9.751646940062898,26.672451848774646,0.09475371183669923,0.7852994983888966,5,20.99068646367137,False,0.6119501683644266
79,2024-03-20,8.056374416851057,26.70143994003298,0.0903515527195258,0.8756510511084223,5,20.818556992729093,False,-0.17212947094227715
80,2024-03-21,9.765093529573738,26.836133104072296,0.0850228541265384,0.9606739052349608,5,21.578587517549625,False,0.7600305248205323
81,2024-03-22,7.7059886509805295,26.819213359625003,0.08469931422232196,1.0453732194572827,5,21.794782007905226,False,0.21619449035560123
82,2024-03-23,8.483799405735235,26.854712841475838,0.09056548288842829,1.135938702345711,5,21.73249569458366,False,-0.06228631332156809
83,2024-03-24,8.628213606107316,26.894424738800474,0.08644629377184669,1.2223849961175577,5,22.340170012581677,False,0.6076743179980184
84,2024-03-25,7.183454261634269,26.835586121505468,0.08704745710348413,1.3094324532210417,5,22.38541731462234,False,0.045247302040664295
85,2024-03-26,10.734130178098395,27.01341075845387,0.08103343370895343,1.390465886929995,5,22.626675406680018,False,0.24125809205767723
86,2024-03-27,9.007984870041476,27.05486539174884,0.08044182017865147,1.4709077071086465,5,23.060342143670884,False,0.43366673699086533
87,2024-03-28,10.159879497135407,27.16444830345771,0.07775930435123314,1.5486670114598797,5,23.66807546942022,False,0.6077333257493365
88,2024-03-29,11.285927923442364,27.330765340899333,0.07403681084790184,1.6227038223077817,5,23.94687964287148,False,0.27880417345125963
89,2024-03-30,11.408425774574258,27.48119766342206,0.07276354626768737,1.695467368575469,5,23.831699816625672,False,-0.11517982624580725
90,2024-03-31,12.038391351948066,27.65063744127271,0.06825510017830883,1.763722468753778,5,24.404850675809932,False,0.5731508591842598
91,2024-04-01,10.704179800966886,27.710100794010195,0.0699642053189605,1.8336866740727384,5,24.366252865649262,False,-0.03859781016067032
92,2024-04-02,10.24929835936793,27.73182700368239,0.058922739551950834,1.8926094136246894,5,24.81682583139886,False,0.45057296574959693
93,2024-04-03,11.132359645687833,27.80721769466484,0.052872529077181325,1.9454819427018708,5,24.97772263219061,False,0.1608968007917504
94,2024-04-04,8.11412710448376,27.677809052143818,0.065826040584536,2.011307983286407,5,25.083037501104187,False,0.10531486891357744
95,2024-04-05,8.7926113779842,27.610504204707972,0.057673761597370685,2.0689817448837777,5,25.367198002342025,False,0.28416050123783876
96,2024-04-06,9.240459210453597,27.58160455327885,0.0630922936818767,2.1320740385656545,5,25.899960989435407,False,0.5327629870933812
97,2024-04-07,9.270662924181632,27.55877509079355,0.05818210561785087,2.1902561441835053,5,25.778712806694102,False,-0.12124818274130433
98,2024-04-08,12.265513471883237,27.73173308672982,0.05667997336775178,0.0,6,17.836826001997654,True,-7.941886804696448
99,2024-04-09,9.85661938225912,27.72512532034222,0.054716153091755426,0.054716153091755426,6,18.124719549568987,False,0.2878935475713327
100,2024-04-10,11.113609152807085,27.80026800583093,0.05366779692906726,0.10838395002082268,6,18.214828202362398,False,0.09010865279341118
101,2024-04-11,15.492078710514992,28.14614906495962,0.04918647500873832,0.157570425029561,6,18.333184465769847,False,0.11835626340744909
102,2024-04-12,12.38475943663953,28.24286230517793,0.04585548605330065,0.20342591108286165,6,18.668298190537705,False,0.33511372476785795
103,2024-04-13,14.776547594329658,28.47951717835942,0.04280733191058372,0.24623324299344537,6,18.770850470698882,False,0.10255228016117712
104,2024-04-14,11.639013473338776,28.48066559045128,0.04204055585725713,0.2882737988507025,6,19.15674113750476,False,0.3858906668058779
105,2024-04-15,13.300548724294783,28.588462924091477,0.04156341625698313,0.3298372151076856,6,19.152973142740343,False,-0.0037679947644164713
106,2024-04-16,12.016936569806344,28.5983427144231,0.03849079806151593,0.36832801316920155,6,19.442880616068717,False,0.2899074733283733
107,2024-04-17,13.44479228942194,28.698601830968354,0.03616448503588472,0.40449249820508626,6,19.512347234485294,False,0.06946661841657686
108,2024-04-18,16.00961239370755,28.949419508996932,0.03181899885832516,0.43631149706341144,6,19.29914990587334,False,-0.21319732861195462
109,2024-04-19,11.08069178290921,28.847546908041533,0.033275280782384016,0.46958677784579544,6,19.671467863127347,False,0.3723179572540083
110,2024-04-20,15.610654117857047,29.051439400183554,0.03170492721921855,0.501291705065014,6,19.649134131088417,False,-0.02233373203893052
111,2024-04-21,15.423828745109624,29.21419419091438,0.03203326723960192,0.5333249723046158,6,19.708589671458192,False,0.059455540369775406
112,2024-04-22,13.966623641506517,29.260020826309173,0.025133539667320154,0.558458511971936,6,19.89971132194428,False,0.19112165048608887
113,2024-04-23,12.469327949385988,29.20304607643982,0.03289385317272865,0.5913523651446646,6,20.127093658152788,False,0.22738233620850679
114,2024-04-24,15.712115675296921,29.36267550178893,0.027718260006159217,0.6190706251508238,6,20.10801628402803,False,-0.01907737412475896
115,2024-04-25,14.71511597526419,29.435407885657497,0.025738817927134724,0.6448094430779585,6,20.337523619732643,False,0.22950733570461423
116,2024-04-26,16.445469166674478,29.608986919849787,0.020392528251920027,0.6652019713298786,6,20.03705915011726,False,-0.30046446961538464
117,2024-04-27,16.229545955841342,29.74388817131819,0.016991684227804393,0.682193655557683,6,20.231905965584144,False,0.1948468154668852
118,2024-04-28,19.594772977787834,30.07585383827338,0.015001540545192617,0.6971951961028756,6,20.359372509473832,False,0.12746654388968892
119,2024-04-29,16.1174652234643,30.136854625742746,0.020849642072395633,0.7180448381752712,6,20.53232963256569,False,0.17295712309185873
120,2024-04-30,14.753669794892103,30.101468451736846,0.011165508752759568,0.7292103469280308,6,20.53066379050856,False,-0.001665842057132494
121,2024-05-01,17.363170775938062,30.238891079941887,0.01867318677001864,0.7478835336980494,6,20.468535252805733,False,-0.06212853770282578
122,2024-05-02,17.64797358783569,30.374990656311056,0.01073106380688362,0.758614597504933,6,20.80943645577678,False,0.34090120297104676
123,2024-05-03,20.129061812048494,30.65114596475545,0.011229815865226988,0.76984441337016,6,20.75336105921899,False,-0.056075396557790924
124,2024-05-04,19.28290125658754,30.833454479142443,0.010851847559030254,0.7806962609291902,6,20.57279538486518,False,-0.180565674353808
125,2024-05-05,18.52763879314394,30.94116633310992,0.0152353601330068,0.795931621062197,6,20.594130424233978,False,0.02133503936879677
126,2024-05-06,20.940886549056955,31.18862813510502,0.010180820171819571,0.8061124412340165,6,20.73944233575914,False,0.14531191152516243
127,2024-05-07,15.836245553300389,31.07258275851647,0.009389436613091984,0.8155018778471085,6,20.95579837155997,False,0.2163560358008283
128,2024-05-08,17.132807181872547,31.056465683277352,0.009335929328313224,0.8248378071754217,6,20.828941187713323,False,-0.12685718384664568
129,2024-05-09,16.756685808816957,31.018471816233106,0.012154751207789352,0.836992558383211,6,21.008866410858058,False,0.17992522314473547
130,2024-05-10,18.026675856757738,31.067547861848517,0.010370107625973238,0.8473626660091842,6,21.00504223704276,False,-0.0038241738152997584
131,2024-05-11,16.24825305190562,30.99528586349266,0.011664830793461017,0.8590274968026452,6,21.115771730009946,False,0.11072949296718804
132,2024-05-12,20.46607135664355,31.20449247020651,0.011745015849952068,0.8707725126525973,6,20.73642231036446,False,-0.37934941964548585
133,2024-05-13,18.944224887769682,31.28597943153363,0.012582788354671222,0.8833553010072684,6,20.902222653773013,False,0.1658003434085522
134,2024-05-14,16.63865805419459,31.20761038765562,0.015507274511524996,0.8988625755187934,6,20.85726977680822,False,-0.044952876964792665
135,2024-05-15,17.73935560897559,31.211196049996104,0.01287212479963468,0.9117347003184282,6,21.311792890057227,False,0.4545231132490066
136,2024-05-16,20.586370988295243,31.397291892101354,0.012542309343887269,0.9242770096623154,6,21.543055053186208,False,0.2312621631289815
137,2024-05-17,21.822956390738565,31.636297389777212,0.014334664066309961,0.9386116737286254,6,21.156687063170526,False,-0.3863679900156818
138,2024-05-18,24.32599992063893,32.00206918613583,0.009756902667809271,0.9483685763964347,6,20.968192700165115,False,-0.188494363005411
139,2024-05-19,26.344517805439907,32.44534973275184,0.014606812289295258,0.96297538868573,6,21.056783609247862,False,0.0885909090827468
140,2024-05-20,21.52823173135659,32.51568609651736,0.010761669568597766,0.9737370582543278,6,21.232845417059806,False,0.17606180781194425
141,2024-05-21,18.90126775708498,32.40709815282749,0.014811709026111876,0.9885487672804396,6,21.43822092866649,False,0.20537551160668244
142,2024-05-22,16.795440095195627,32.178648137114706,0.009517469988250838,0.9980662372686905,6,21.428890475404735,False,-0.009330453261753746
143,2024-05-23,21.77234867055386,32.302777960633925,0.01002444201431981,1.0080906792830102,6,21.673276389292155,False,0.24438591388742026
144,2024-05-24,19.786588508751095,32.281518941820224,0.015250398807708648,1.0233410780907188,6,21.496353225397915,False,-0.1769231638942408
145,2024-05-25,20.755400979057256,32.32557772735673,0.010438608630805715,1.0337796867215245,6,21.855576751704806,False,0.35922352630689147
146,2024-05-26,20.53361509317941,32.34908473658159,0.012756015104728863,1.0465357018262533,6,21.5692654335763,False,-0.2863113181285044
147,2024-05-27,21.645917625787956,32.44073876444202,0.010785783553142447,1.0573214853793957,6,21.634939745686093,False,0.0656743121097918
148,2024-05-28,24.227097799938225,32.68523237094633,0.010800862523601584,1.0681223479029973,6,21.774486935852163,False,0.13954719016606987
149,2024-05-29,22.57476997067688,32.78857724464037,0.015254563009751088,1.0833769109127485,6,21.557508170701574,False,-0.21697876515058923
150,2024-05-30,22.10678716507266,32.847073956017844,0.011541410331633516,1.094918321244382,6,21.881427969809426,False,0.32391979910785196
151,2024-05-31,20.51393342859656,32.79481625413936,0.011146611991500003,1.106064933235882,6,21.819725674696862,False,-0.06170229511256409
152,2024-06-01,19.39481146934589,32.678080383720264,0.013582777363963284,1.1196477105998452,6,21.949617136378272,False,0.1298914616814102
153,2024-06-02,21.928203198229927,32.740881963075005,0.018568567940630915,1.1382162785404761,6,22.274018311410323,False,0.324401175032051
154,2024-06-03,22.947554389173735,32.86024160765403,0.012137789821445704,1.1503540683619218,6,21.980392498064965,False,-0.29362581334535776
155,2024-06-04,26.742892886655092,33.20653592070271,0.015737399325965438,1.1660914676878873,6,22.51332211479963,False,0.5329296167346662
156,2024-06-05,23.61706375010824,33.30241345882357,0.01229644458648484,1.1783879122743721,6,22.206490559674993,False,-0.30683155512463856
157,2024-06-06,25.46899916121963,33.50364719649861,0.009982190325464803,1.188370102599837,6,21.937747317165964,False,-0.2687432425090286
158,2024-06-07,22.649414597568025,33.49487424969961,0.00970843322282805,1.198078535822665,6,22.233606998003285,False,0.29585968083732084
159,2024-06-08,21.420041326528896,33.40832344216224,0.01000503699682109,1.208083572819486,6,22.01696766967973,False,-0.2166393283235557
160,2024-06-09,21.999013753991587,33.37135669175281,0.009628266206549272,1.2177118390260353,6,22.151096484708262,False,0.13412881502853224
161,2024-06-10,22.615467639800656,33.37930008406102,0.009805079683508803,1.227516918709544,6,22.307884254556217,False,0.15678776984795562
162,2024-06-11,28.45684529647224,33.76162584111123,0.01302567088880146,1.2405425895983455,6,22.554842001622614,False,0.2469577470663964
163,2024-06-12,22.68839240523475,33.718504518431864,0.011818925284625232,1.2523615148829708,6,22.3190359990797,False,-0.2358060025429154
164,2024-06-13,26.136639077438993,33.90321638506268,0.011642190602570966,1.2640037054855418,6,22.554681410708003,False,0.23564541162830466
165,2024-06-14,22.779498118462328,33.84572463766916,0.010531678471653434,1.2745353839571951,6,22.72998949330186,False,0.17530808259385822
166,2024-06-15,26.571349958247854,34.04020790103235,0.011217660492034083,1.285753044449229,6,22.541931686273163,False,-0.18805780702869868
167,2024-06-16,25.59808057222869,34.14434052338529,0.010177198724263668,1.2959302431734927,6,22.45403965458686,False,-0.08789203168630166
168,2024-06-17,24.631965250777867,34.171489643308824,0.0171318199319533,1.313062063105446,6,22.863898620099498,False,0.4098589655126368
169,2024-06-18,24.977831410342425,34.21699457064386,0.00933990340523907,1.322401966510685,6,22.351124594440677,False,-0.5127740256588211
170,2024-06-19,23.86091568385519,34.18419706879972,0.010219859594367336,1.3326218261050524,6,22.636526113094273,False,0.28540151865359675
171,2024-06-20,26.170756353776202,34.304574681713945,0.012005637042458541,1.344627463147511,6,22.470033644302294,False,-0.16649246879197932
172,2024-06-21,24.47372009167691,34.29866030450547,0.013120577403340376,1.3577480405508513,6,22.768143324229058,False,0.29810967992676396
173,2024-06-22,23.034473715798473,34.201067857020305,0.013969413871433332,1.3717174544222845,6,22.87557446043059,False,0.10743113620153366
174,2024-06-23,23.028701150831004,34.117046094285115,0.012546715973952703,1.3842641703962373,6,22.885936889678042,False,0.010362429247450677
175,2024-06-24,26.025506752660355,34.23767922920112,0.009274248247637314,1.3935384186438746,6,23.173287220895595,False,0.28735033121755293
176,2024-06-25,28.93110323523167,34.52786740443728,0.010328707235019888,1.4038671258788946,6,22.85295265830468,False,-0.3203345625909151
177,2024-06-26,26.182301505843647,34.59989144346476,0.009196094955237677,1.4130632208341323,6,22.976224292348444,False,0.12327163404376407
178,2024-06-27,25.71122044342896,34.631342551475946,0.01205366783074788,1.4251168886648802,6,22.782732879702444,False,-0.19349141264600078
179,2024-06-28,26.60308391582841,34.71563472442549,0.012592264977108882,1.437709153641989,6,23.06395026461418,False,0.28121738491173787
180,2024-06-29,28.723100809739844,34.924171958705124,0.01194917741023282,1.4496583310522217,6,23.142345309426737,False,0.07839504481255588
181,2024-06-30,26.626235560821872,34.96811967922866,0.009630119950717098,1.459288451002939,6,23.048708642232608,False,-0.09363666719412933
182,2024-07-01,25.438674239222895,34.92944592614604,0.011603191299687877,1.4708916423026268,6,23.270003527006722,False,0.22129488477411385
183,2024-07-02,28.54282752613017,35.095849706233544,0.011185238404348229,1.482076880706975,6,23.341781011536238,False,0.07177748452951604
184,2024-07-03,27.254126990420406,35.155636483298636,0.011058217297046397,1.4931350980040214,6,23.19518775971575,False,-0.14659325182048732
185,2024-07-04,29.531113042255043,35.35325996697237,0.01609883198476217,1.5092339299887836,6,23.375029318011833,False,0.17984155829608284
186,2024-07-05,26.885661150360747,35.35258675992808,0.010578243971039597,1.5198121739598232,6,22.979960760082466,False,-0.3950685579293669
187,2024-07-06,24.12643204485392,35.17463071139325,0.011354466195399503,1.5311666401552226,6,23.3950433642495,False,0.4150826041670328
188,2024-07-07,23.891799510201544,35.007013435421456,0.013905102093052993,1.5450717422482756,6,23.609102923196197,False,0.2140595589466976
189,2024-07-08,29.97927591126164,35.25467925322807,0.01106569651845175,1.5561374387667273,6,23.556288124403167,False,-0.05281479879302964
190,2024-07-09,30.170593354892773,35.4792632184386,0.016125612888133134,1.5722630516548604,6,23.336205459912502,False,-0.22008266449066483
191,2024-07-10,26.406591497774382,35.42979221209001,0.01565106734715066,1.587914119002011,6,23.61094502036204,False,0.27473956044953596
192,2024-07-11,26.03813688301134,35.36370212427074,0.015298122887339706,1.6032122418893506,6,23.783490007690013,False,0.1725449873279743
193,2024-07-12,29.76278377918429,35.54649506375105,0.011316392284313838,1.6145286341736644,6,23.60865661588844,False,-0.17483339180157387
194,2024-07-13,24.65767908355742,35.37498942430102,0.01176014029845827,1.6262887744721226,6,23.707612711220516,False,0.09895609533207761
195,2024-07-14,25.110673800879827,35.25710567945743,0.01994601081030148,1.6462347852824242,6,23.614066938875453,False,-0.09354577234506323
196,2024-07-15,28.211612554612223,35.35540853233144,0.014931713588163309,1.6611664988705874,6,23.928824558713796,False,0.3147576198383426
197,2024-07-16,26.157046223254522,35.30758885635045,0.011481438627710498,1.6726479374982979,6,23.36066950869465,False,-0.568155050019147
198,2024-07-17,26.95377030566004,35.31781853937853,0.014594855032809415,1.6872427925311073,6,23.995098955975486,False,0.6344294472808372
199,2024-07-18,26.65134061661328,35.30714493053531,0.013163908877624614,1.7004067014087318,6,23.449398364681873,False,-0.5457005912936133
200,2024-07-19,27.664038478824626,35.36309812838328,0.018295509070093953,1.7187022104788259,6,23.90383629274348,False,0.45443792806160843
201,2024-07-20,29.810963504753566,35.54907462106268,0.015012781824819186,1.733714992303645,6,24.119532407709876,False,0.21569611496639496
202,2024-07-21,27.18072532319868,35.5393963031165,0.01365617656344275,1.7473711688670877,6,24.217512041194638,False,0.09797963348476202
203,2024-07-22,28.287433095948902,35.60224610169657,0.0112481164203417,1.7586192852874294,6,23.86199874315482,False,-0.355513298039817
204,2024-07-23,22.895655580064087,35.30950308874404,0.016750787541100463,1.7753700728285298,6,24.20221303368151,False,0.3402142905266885
205,2024-07-24,26.891452577366522,35.3154531703256,0.015195820197261591,1.7905658930257913,6,24.41172106603668,False,0.20950803235517057
206,2024-07-25,25.291765873076564,35.217716237834004,0.011302467436329747,1.801868360462121,6,24.189074408754504,False,-0.22264665728217636
207,2024-07-26,24.526387918252926,35.08473885574541,0.017591518350354413,1.8194598788124754,6,24.702767799116174,False,0.51369339036167
208,2024-07-27,25.1899517351162,35.01341591646782,0.016913359539819046,1.8363732383522944,6,24.30198760862939,False,-0.4007801904867847
209,2024-07-28,26.256712083832515,35.02085941950451,0.015430599774485305,1.8518038381267796,6,24.560820462290238,False,0.2588328536608486
210,2024-07-29,28.731932923503507,35.18636090465766,0.01200074937294533,1.8638045874997249,6,24.84324451785783,False,0.2824240555675921
211,2024-07-30,24.21898501216527,35.03810124048862,0.012388676598523623,1.8761932640982486,6,24.609765197652667,False,-0.23347932020516282
212,2024-07-31,26.90115817988872,35.08344694626881,0.013556728098116557,1.8897499921963652,6,24.336661570449362,False,-0.27310362720330517
213,2024-08-01,25.83617265861616,35.053851339141445,0.01127296182638533,1.9010229540227506,6,24.627216477779115,False,0.29055490732975287
214,2024-08-02,26.110283735615663,35.04610510226796,0.01740617118567049,1.9184291252084211,6,24.768522640039322,False,0.1413061622602072
215,2024-08-03,28.728777563935388,35.207797216768384,0.012367964558705221,1.9307970897671263,6,24.402839465077435,False,-0.3656831749618874
216,2024-08-04,27.753650920806994,35.28370374499621,0.01261647849652458,1.9434135682636509,6,24.677591397116235,False,0.2747519320388001
217,2024-08-05,29.30291412357836,35.448361975083934,0.015404111814866934,1.9588176800785178,6,24.81465655450172,False,0.13706515738548575
218,2024-08-06,26.26635874979512,35.39429046970163,0.012816673092849657,1.9716343531713674,6,25.060981534413685,False,0.24632497991196445
219,2024-08-07,25.12730705257553,35.27471871312411,0.012852784079510921,1.9844871372508783,6,24.983854488076002,False,-0.07712704633768297
220,2024-08-08,26.0575876467447,35.23203238853997,0.012470849390320103,1.9969579866411984,6,25.095693175481923,False,0.11183868740592118
221,2024-08-09,26.92731191828226,35.25135495635241,0.013358028876449725,2.010316015517648,6,25.057662986998878,False,-0.03803018848304518
222,2024-08-10,26.72910104516045,35.255175029776666,0.012098720402846793,2.0224147359204947,6,25.16455091931731,False,0.10688793231843263
223,2024-08-11,24.091752556423636,35.088905547007236,0.017048712216641213,2.039463448137136,6,25.447503840610906,False,0.28295292129359595
224,2024-08-12,26.36845012134991,35.09274797666441,0.012458460706814983,2.051921908843951,6,25.014665482006183,False,-0.4328383586047231
225,2024-08-13,26.567553986604008,35.10884102199404,0.014443555153799574,2.0663654639977502,6,25.012210358009455,False,-0.0024551239967287586
226,2024-08-14,31.066379711691166,35.41184528603218,0.011247427393455032,2.077612891391205,6,25.47157071403937,False,0.4593603560299151
227,2024-08-15,29.70218631821207,35.58386507991265,0.01600126068869822,2.0936141520799034,6,25.300918283800062,False,-0.17065243023930776
228,2024-08-16,24.15583157757913,35.374759241340925,0.012091611537274232,2.105705763617178,6,25.1153066274149,False,-0.18561165638516286
229,2024-08-17,25.19815399931245,35.26253210681945,0.01353271856433147,2.119238482181509,6,25.40131483247836,False,0.28600820506346025
230,2024-08-18,22.753446913542113,35.00917767885866,0.015436861548144064,2.1346753437296533,6,25.725656727725895,False,0.3243418952475352
231,2024-08-19,24.40316227154327,34.89806987076378,0.013161603493031577,2.147836947222685,6,25.313969504321932,False,-0.4116872234039626
232,2024-08-20,26.116895250513647,34.91300315533054,0.011272901033808983,2.159109848256494,6,25.532723895705104,False,0.21875439138317176
233,2024-08-21,27.795394294134944,35.03370662347771,0.012762230152673568,2.1718720784091676,6,25.78516416247871,False,0.25244026677360765
234,2024-08-22,27.247620205590934,35.101952690483174,0.016111038343186234,2.187983116752354,6,25.70536726426427,False,-0.0797968982144397
235,2024-08-23,27.28937412484449,35.16313349986844,0.012068932633380948,0.0,7,18.074566706858786,True,-7.630800557405486
236,2024-08-24,24.19195433340209,35.01645434989165,0.010434753642985716,0.010434753642985716,7,17.870863102789997,False,-0.20370360406878874
237,2024-08-25,28.04708513527034,35.138559201460225,0.011381976737816381,0.021816730380802098,7,18.0226639981237,False,0.15180089533370378
238,2024-08-26,22.703349816297834,34.89969466087077,0.012784986683616432,0.03460171706441853,7,18.103923222118272,False,0.08125922399457153
239,2024-08-27,23.64932507776722,34.75576632145998,0.012190868120701696,0.04679258518512022,7,18.244391908957766,False,0.14046868683949398
240,2024-08-28,22.8316309183012,34.57983312028506,0.012440132335760877,0.0592327175208811,7,18.375192065711826,False,0.13080015675405932
241,2024-08-29,24.27113556146119,34.52157281776684,0.011952876235966815,0.07118559375684791,7,18.440943786447423,False,0.06575172073559798
242,2024-08-30,20.81570898097026,34.24950084971967,0.015756893506315345,0.08694248726316325,7,18.532885791176867,False,0.09194200472944303
243,2024-08-31,21.26581534081993,34.04523171452671,0.01446866715715171,0.10141115442031497,7,18.51933302332938,False,-0.013552767847485825
244,2024-09-01,28.32441399292876,34.32391094056831,0.01995744427081994,0.12136859869113491,7,18.388012953930623,False,-0.1313200693987575
245,2024-09-02,21.354402115908268,34.114706656509796,0.016750070927149557,0.13811866961828445,7,18.506098845497288,False,0.11808589156666471
246,2024-09-03,21.59635770245367,33.95094298645185,0.02050363475752999,0.15862230437581443,7,18.74350641136895,False,0.23740756587166345
247,2024-09-04,27.321832851288967,34.17864038597016,0.011927400008899306,0.17054970438471373,7,18.4764439294847,False,-0.26706248188425263
248,2024-09-05,29.313654477654335,34.50185526153792,0.01805367510958272,0.18860337949429645,7,18.748686460449736,False,0.2722425309650376
249,2024-09-06,21.013381449511787,34.24530760307255,0.011548258851885753,0.20015163834618221,7,18.793718781981664,False,0.045032321531927266
250,2024-09-07,22.470535145919264,34.11908377629985,0.011451214746464655,0.21160285309264687,7,18.761873411776005,False,-0.031845370205658696
251,2024-09-08,23.738230592691394,34.092386632072895,0.011066018311191006,0.22266887140383787,7,18.579788976641318,False,-0.18208443513468708
252,2024-09-09,26.358214305187772,34.23793088996741,0.014759875114789371,0.23742874651862725,7,18.875120138287773,False,0.29533116164645534
253,2024-09-10,20.770463201898124,34.003470540094085,0.012624567517007888,0.25005331403563513,7,19.069923952598536,False,0.1948038143107631
254,2024-09-11,22.094685242363965,33.887633085661186,0.012404352448246322,0.26245766648388147,7,18.995818068433582,False,-0.074105884164954
255,2024-09-12,23.978731991273527,33.909461130005745,0.016283945426379204,0.2787416119102607,7,18.90544675615268,False,-0.0903713122809009
256,2024-09-13,23.13020498471943,33.87362271759403,0.01310310987388153,0.2918447217841422,7,19.188298098260113,False,0.28285134210743124
257,2024-09-14,21.34282519590274,33.72800109196006,0.01851706287488554,0.31036178465902775,7,19.06242843388281,False,-0.1258696643773014
258,2024-09-15,21.65985346958865,33.62356294472504,0.010994164276850217,0.321355948935878,7,19.10976134604944,False,0.047332912166627494
259,2024-09-16,19.008017074559064,33.36356933598597,0.011655623595376002,0.333011572531254,7,19.22042310367648,False,0.11066175762704233
260,2024-09-17,21.10976801146731,33.275830231582304,0.010874335804732063,0.3438859083359861,7,19.04754147526189,False,-0.17288162841458998
261,2024-09-18,20.879695719353833,33.18583492331472,0.012767350014976224,0.3566532583509623,7,19.509118144812152,False,0.46157666955026144
262,2024-09-19,21.7012655251187,33.161511289455966,0.01722900936913085,0.37388226772009314,7,19.247657134812698,False,-0.2614610099994543
263,2024-09-20,19.94887821902021,33.02800899075641,0.010963885759011187,0.38484615347910434,7,19.121995749046878,False,-0.1256613857658202
264,2024-09-21,21.82342104223899,33.034084773363716,0.011868178744953219,0.39671433222405755,7,19.349632517726505,False,0.227636768679627
265,2024-09-22,22.724844500444256,33.097241237911746,0.01769762299892616,0.4144119552229837,7,19.39536778197155,False,0.045735264245045926
266,2024-09-23,20.827651528762186,33.029412945059065,0.01100301388232181,0.4254149691053055,7,19.26741399336458,False,-0.1279537886069697
267,2024-09-24,21.03605095405377,32.9846715142398,0.016977873391580058,0.4423928424968856,7,19.48190228852015,False,0.21448829515556866
268,2024-09-25,20.253013950105544,32.895983623283755,0.014721285738230007,0.4571141282351156,7,19.536202571473297,False,0.054300282953146706
269,2024-09-26,19.95951207957768,32.801097453644644,0.012655359614313147,0.46976948784942874,7,19.596980616477214,False,0.060778045003917924
270,2024-09-27,18.327397704304985,32.61484481268644,0.011583924002266894,0.4813534118516956,7,19.743252890318423,False,0.146272273841209
271,2024-09-28,20.213259166546518,32.576433643009224,0.013782511938561108,0.4951359237902567,7,19.880283535655384,False,0.13703064533696008
272,2024-09-29,19.19409708514025,32.47799222090978,0.01101590740564974,0.5061518311959065,7,19.74608024901773,False,-0.13420328663765346
273,2024-09-30,23.38210608087593,32.66284300883613,0.015156398294428379,0.5213082294903348,7,19.9439110785117,False,0.19783082949397013
274,2024-10-01,22.14833515196873,32.74197269591467,0.011601489764248381,0.5329097192545832,7,19.47572513794071,False,-0.46818594057099006
275,2024-10-02,19.577988568182274,32.64456157588143,0.017074173543781032,0.5499838927983642,7,19.81652492506023,False,0.3407997871195185
276,2024-10-03,17.08372327223848,32.40072070397085,0.009065459041714082,0.5590493518400783,7,19.747832712500458,False,-0.0686922125597711
277,2024-10-04,16.18748730340521,32.13409907290821,0.012604900114974348,0.5716542519550527,7,19.96279424525341,False,0.2149615327529517
278,2024-10-05,20.59605756812383,32.18897433472928,0.010364571490459827,0.5820188234455125,7,20.073347935346494,False,0.11055369009308436
279,2024-10-06,18.53977921691211,32.10382095085516,0.009321558814544781,0.5913403822600573,7,20.076823729843774,False,0.0034757944972803045
280,2024-10-07,18.77418348162815,32.0459011816948,0.015817816599866367,0.6071581988599236,7,20.452184259829494,False,0.3753605299857199
281,2024-10-08,14.12350679081,31.69728359229047,0.01545784109308701,0.6226160399530106,7,20.257784592777913,False,-0.19439966705158085
282,2024-10-09,19.265563624683985,31.72902931212152,0.010923475077906399,0.633539515030917,7,20.127734153586655,False,-0.13005043919125825
283,2024-10-10,18.11682089632088,31.682392182296216,0.011086082520483018,0.6446255975514,7,20.375007479111755,False,0.24727332552510006
284,2024-10-11,14.783758137196479,31.428149179359387,0.019254185103086567,0.6638797826544865,7,20.13160603937623,False,-0.24340143973552486
285,2024-10-12,15.857615165235934,31.279260271501784,0.012134583882236838,0.6760143665367234,7,20.460443844502244,False,0.3288378051260139
286,2024-10-13,17.123610887123395,31.23302664688803,0.010084686756901258,0.6860990532936246,7,20.52334835203209,False,0.06290450752984711
287,2024-10-14,16.496148791858495,31.153060976809215,0.011850707031950233,0.6979497603255749,7,20.342832898037223,False,-0.18051545399486812
288,2024-10-15,15.601499293187356,31.027005791827087,0.014262528580037265,0.7122122889056122,7,20.574262357858778,False,0.23142945982155538
289,2024-10-16,15.773140207833153,30.929992549212493,0.012338439321061646,0.7245507282266738,7,20.59108564187756,False,0.016823284018780527
290,2024-10-17,15.270146636978025,30.814503040273582,0.010392610226046015,0.7349433384527198,7,20.484656560945172,False,-0.10642908093238646
291,2024-10-18,15.872981684074125,30.754265714210693,0.01852561686654059,0.7534689553192604,7,20.803698010858362,False,0.3190414499131897
292,2024-10-19,18.304427604149215,30.858940958161615,0.010675962130704047,0.7641449174499645,7,20.831432014192846,False,0.027734003334483504
293,2024-10-20,10.02160667103751,30.416195535848082,0.010546020300852357,0.7746909377508169,7,20.726003590074914,False,-0.10542842411793174
294,2024-10-21,14.474657011425705,30.322966981461438,0.009662919456238558,0.7843538572070554,7,20.67194596640672,False,-0.05405762366819289
295,2024-10-22,15.094831673510226,30.282925163121174,0.012262311204607461,0.7966161684116628,7,20.625767787140482,False,-0.04617817926623857
296,2024-10-23,15.12732060866811,30.250692178946814,0.011495548540796912,0.8081117169524598,7,20.92612017011092,False,0.30035238297043776
297,2024-10-24,13.585166956150184,30.123925457706925,0.014002107770065077,0.8221138247225248,7,20.833353122708193,False,-0.09276704740272734
298,2024-10-25,10.609414876265902,29.82396992008017,0.014601101008750034,0.8367149257312748,7,20.88603345083429,False,0.052680328126097464
299,2024-10-26,14.57297164705573,29.821665251665156,0.014303532594277033,0.8510184583255519,7,21.15362403749009,False,0.2675905866557997
300,2024-10-27,17.166124268358413,29.98639249010746,0.011183770617303038,0.8622022289428549,7,20.763271767490984,False,-0.39035226999910577
301,2024-10-28,10.43852602352626,29.695098807318796,0.018256438474144328,0.8804586674169993,7,21.22933693713815,False,0.46606516964716604
302,2024-10-29,15.02917248479186,29.7405314945813,0.020178075605365206,0.9006367430223645,7,21.2483149864,False,0.018978049261850316
303,2024-10-30,12.440236932516594,29.61304222673147,0.018569725173772113,0.9192064681961366,7,21.66168328099115,False,0.4133682945911481
304,2024-10-31,14.987439428581546,29.6675144433215,0.017344013780546643,0.9365504819766832,7,21.073571113552404,False,-0.5881121674387444
305,2024-11-01,12.801250000238516,29.573664165719478,0.018778233316893933,0.9553287152935772,7,21.547074595843547,False,0.47350348229114303
306,2024-11-02,14.035777909028033,29.57258357905421,0.01852658215477169,0.9738552974483489,7,21.414217197004145,False,-0.13285739883940195
307,2024-11-03,17.103166968594834,29.768846658598992,0.017426489176384015,0.9912817866247329,7,21.562404488594524,False,0.14818729159037858
308,2024-11-04,13.251113818824184,29.68944016715212,0.02421351355523807,1.015495300179971,7,21.684080639640843,False,0.12167615104631935
309,2024-11-05,15.350481645982295,29.756336820514967,0.01717529151317253,1.0326705916931433,7,21.6955612310842,False,0.011480591443355337
310,2024-11-06,14.04166010078576,29.7295382812062,0.01753410744752609,1.0502046991406695,7,21.579748191487056,False,-0.11581303959714262
311,2024-11-07,12.366969330258977,29.59890941226482,0.02629844354005247,1.076503142680722,7,22.051822691591944,False,0.4720745001048883
312,2024-11-08,14.779665119836219,29.642043682502173,0.02000888786323605,1.096512030543958,7,21.843013494981726,False,-0.20880919661021835
313,2024-11-09,11.973881300932844,29.49864409720469,0.022682950255094217,1.1191949807990522,7,22.139390380899393,False,0.29637688591766675
314,2024-11-10,12.557127123579846,29.413224541262725,0.02153513552862512,1.1407301163276773,7,21.955540251636915,False,-0.18385012926247768
315,2024-11-11,10.114479226933078,29.18298041424232,0.029787463017598968,1.1705175793452762,7,22.066099500335653,False,0.11055924869873834
316,2024-11-12,10.648455054232778,29.019955322836953,0.029576343883828043,1.2000939232291044,7,21.965215215087884,False,-0.10088428524776916
317,2024-11-13,8.929586959029994,28.769720866940744,0.03772404527807402,1.2378179685071784,7,22.33116097337599,False,0.36594575828810605
318,2024-11-14,12.114059128869737,28.759950258519407,0.034024020730270284,1.2718419892374486,7,22.53737879599342,False,0.20621782261742894
319,2024-11-15,7.5901823042171985,28.46075479828774,0.043976806255814876,1.3158187954932634,7,22.612718246176968,False,0.0753394501835487
320,2024-11-16,11.324885901362556,28.444389635048513,0.04401125029929367,1.3598300457925572,7,22.723196402810235,False,0.11047815663326688
321,2024-11-17,9.193831437802036,28.293365993900284,0.04677018739348441,1.4066002331860417,7,22.72070925532858,False,-0.0024871474816556827
322,2024-11-18,11.734183581038614,28.327225510695584,0.044684893358989515,1.4512851265450313,7,22.808654538927158,False,0.08794528359857878
323,2024-11-19,10.711645076327908,28.290513335503007,0.04407108548866735,1.4953562120336987,7,22.89504220558418,False,0.08638766665702136
324,2024-11-20,12.67113284840744,28.38501282782877,0.04388488994206678,1.5392411019757655,7,23.34007941101961,False,0.4450372054354297
325,2024-11-21,10.31309243673621,28.314424080500558,0.04276131329297433,1.5820024152687397,7,23.51785628035191,False,0.17777686933230186
326,2024-11-22,5.530986984985051,27.946498375178088,0.05287189482460081,1.6348743100933405,7,23.948759399200448,False,0.43090311884853705
327,2024-11-23,8.366559806331825,27.81342030913112,0.05686711400934444,1.691741424102685,7,24.2312217791458,False,0.28246237994535406
328,2024-11-24,5.983776374925832,27.546174460500477,0.05812005712894782,1.7498614812316327,7,24.15162386013882,False,-0.07959791900698221
329,2024-11-25,7.12053280296601,27.39018378919108,0.062034292009435305,1.8118957732410679,7,24.54540801703618,False,0.393784156897361
330,2024-11-26,11.010878783013023,27.50657116964319,0.063727348039357,1.8756231212804249,7,24.624447028260416,False,0.07903901122423562
331,2024-11-27,9.096896648924401,27.483290072839303,0.06558331807049299,1.9412064393509179,7,24.95759777406679,False,0.3331507458063747
332,2024-11-28,6.259502327617817,27.280930926351978,0.06611958534986338,2.0073260247007814,7,25.211845462258815,False,0.2542476881920237
333,2024-11-29,5.467638391296253,27.056574690599312,0.06926752345268997,2.0765935481534714,7,25.252839641386178,False,0.04099417912736314
334,2024-11-30,7.4005711211342,26.988529306872323,0.07331374272494717,2.1499072908784185,7,25.493777262126667,False,0.24093762074048897
335,2024-12-01,4.744091750693195,26.759431018435127,0.0741913031147951,0.0,8,17.912706424654438,True,-7.581070837472229
336,2024-12-02,5.6794546696353985,26.6231915302781,0.08104345255963953,0.08104345255963953,8,18.114727494867033,False,0.20202107021259508
337,2024-12-03,7.492641474542223,26.62297683503037,0.08565862241668457,0.1667020749763241,8,18.34349555129875,False,0.2287680564317185
338,2024-12-04,9.02854341329773,26.72152936373803,0.08055117522065704,0.24725325019698113,8,18.93175357658134,False,0.5882580252825882
339,2024-12-05,7.787193254419001,26.72620187813096,0.07816271594076614,0.32541596613774726,8,19.21482536802598,False,0.283071791444641
340,2024-12-06,1.8413403502882693,26.347973489487927,0.08788045341292706,0.4132964195506743,8,19.347987342136708,False,0.1331619741107275
341,2024-12-07,7.698667928162513,26.400320214942955,0.08211915136862238,0.49541557091929667,8,19.919197469668998,False,0.5712101275322894
342,2024-12-08,7.093375665752654,26.406277191320918,0.08393893287123086,0.5793545037905276,8,20.154240006304363,False,0.23504253663536545
343,2024-12-09,7.639088523615344,26.44646471193606,0.08462655717358804,0.6639810609641156,8,20.493813776366345,False,0.33957377006198186
344,2024-12-10,9.908393026697897,26.626795019090057,0.08093745085508527,0.7449185118192009,8,20.537392104687907,False,0.043578328321562054
345,2024-12-11,1.6076444324005443,26.24774430130294,0.08583157657663633,0.8307500883958372,8,21.168606098592726,False,0.6312139939048187
346,2024-12-12,4.422031905493039,26.10376859504136,0.0871529331587189,0.917903021554556,8,21.391569516766772,False,0.22296341817404652
347,2024-12-13,6.658953338160944,26.124162938917227,0.08870690423291627,1.0066099257874723,8,21.52901750074759,False,0.1374479839808167
348,2024-12-14,2.189675659098266,25.854333097156797,0.09265922975638216,1.0992691555438545,8,22.0302680475063,False,0.5012505467587118
349,2024-12-15,8.183344974008406,26.008357688749225,0.08994062886663831,1.1892097844104927,8,22.42761250435602,False,0.3973444568497193
350,2024-12-16,5.849637156310674,25.990354693262166,0.08982059021018142,1.2790303746206741,8,22.649341728793075,False,0.22172922443705545
351,2024-12-17,6.690498709623974,26.028978939843398,0.09152669849527605,1.3705570731159502,8,22.786153165666022,False,0.1368114368729465
352,2024-12-18,3.7428142286990127,25.87259143456785,0.0947714121722252,1.4653284852881754,8,23.1095810862667,False,0.32342792060067893
353,2024-12-19,6.402597126716709,25.909531044918516,0.09728407481500105,1.5626125601031764,8,23.432922134188193,False,0.32334104792149176
354,2024-12-20,6.805410921310143,25.967088740585808,0.09864250714545156,1.661255067248628,8,23.508382315152993,False,0.07546018096480012
355,2024-12-21,5.030683368115006,25.902334279880943,0.09495550372879147,1.7562105709774194,8,24.260604300705673,False,0.7522219855526799
356,2024-12-22,4.933280768986733,25.840568860761383,0.09693473089362438,1.8531453018710438,8,24.372639974616316,False,0.1120356739106434
357,2024-12-23,4.907839020153799,25.785991531948216,0.09735786917489332,1.950503171045937,8,24.706497917438035,False,0.33385794282171943
358,2024-12-24,2.5462863122901522,25.587396861745695,0.1046866121270729,2.05518978317301,8,25.20786582068972,False,0.5013679032516833
359,2024-12-25,3.8869224299366882,25.503356609135096,0.09932421483713118,2.1545139980101413,8,25.651571180612862,False,0.4437053599231433
360,2024-12-26,3.7891432870212487,25.425036304852878,0.10421783454414886,0.0,9,18.210085823722274,True,-7.441485356890588
361,2024-12-27,4.776416269499549,25.421372164341722,0.10775814253870711,0.10775814253870711,9,18.504082241350417,False,0.29399641762814355
362,2024-12-28,5.9279739077347395,25.492260177790136,0.10121519446840738,0.20897333700711448,9,18.44199832029982,False,-0.06208392105059701
363,2024-12-29,1.7332308992050893,25.283359281626158,0.10481488888962393,0.3137882258967384,9,19.030939002870095,False,0.588940682570275
364,2024-12-30,3.5255665476030678,25.219522948025475,0.10817727126163426,0.4219654971583726,9,19.628652149083955,False,0.5977131462138594
